structure,operation,position,n,operations,avg_time_ns,metric_count,theoretical_complexity
DynamicArray,insert,start,100,1000,2257260,600500,Theta(n)
LinkedList,insert,start,100,1000,141340,1000,Theta(1)
DynamicArray,insert,middle,100,1000,1018340,550500,Theta(n)
LinkedList,insert,middle,100,1000,118180,51000,Theta(n)
DynamicArray,remove,start,100,1000,668340,100000,Theta(n)
LinkedList,remove,start,100,1000,114880,2000,Theta(1)
DynamicArray,remove,middle,100,1000,258540,50000,Theta(n)
LinkedList,remove,middle,100,1000,147920,52000,Theta(n)
DynamicArray,insert,start,1000,1000,222560,1500500,Theta(n)
LinkedList,insert,start,1000,1000,44800,1000,Theta(1)
DynamicArray,insert,middle,1000,1000,169460,1000500,Theta(n)
LinkedList,insert,middle,1000,1000,615280,501000,Theta(n)
DynamicArray,remove,start,1000,1000,147960,1000000,Theta(n)
LinkedList,remove,start,1000,1000,71940,2000,Theta(1)
DynamicArray,remove,middle,1000,1000,99280,500000,Theta(n)
LinkedList,remove,middle,1000,1000,594360,502000,Theta(n)
DynamicArray,insert,start,10000,1000,1187140,10500500,Theta(n)
LinkedList,insert,start,10000,1000,36020,1000,Theta(1)
DynamicArray,insert,middle,10000,1000,588500,5500500,Theta(n)
LinkedList,insert,middle,10000,1000,5288540,5001000,Theta(n)
DynamicArray,remove,start,10000,1000,794940,10000000,Theta(n)
LinkedList,remove,start,10000,1000,66700,2000,Theta(1)
DynamicArray,remove,middle,10000,1000,334540,5000000,Theta(n)
LinkedList,remove,middle,10000,1000,5705500,5002000,Theta(n)
DynamicArray,insert,start,100000,1000,11123340,100500500,Theta(n)
LinkedList,insert,start,100000,1000,39580,1000,Theta(1)
DynamicArray,insert,middle,100000,1000,6063840,50500500,Theta(n)
LinkedList,insert,middle,100000,1000,82503020,50001000,Theta(n)
DynamicArray,remove,start,100000,1000,7353100,100000000,Theta(n)
LinkedList,remove,start,100000,1000,71480,2000,Theta(1)
DynamicArray,remove,middle,100000,1000,2926980,50000000,Theta(n)
LinkedList,remove,middle,100000,1000,54811820,50002000,Theta(n)
